celltype,beta_snrnaseq,se_snrnaseq,pval_snrnaseq,padj_snrnaseq,region,n_samples,n_ctrl,n_scz,ctrl_mean_density,scz_mean_density,logFC_density,coef,se_density,tstat,pval_density,class,fdr_density
L5/6 NP_4,0.173914484222229,0.0723978829717698,0.0162966173652479,0.192106022298078,cortical,24,12,12,1.5258237399847507,1.5363745996725244,0.0068910633927751,-0.0383960201909243,0.1116488653884766,-0.343899779521514,0.7346982868872116,Glut,0.8962939746856838
L6 CT_1,0.2308172737216,0.0937106085227013,0.0137746929651014,0.187680191649506,cortical,22,11,11,0.2070184966647354,0.652095899486767,1.1473834910714449,0.2712087041331599,0.1120984397470925,2.4193798303084253,0.0270439980428776,Glut,0.1893079863001432
L6b_1,0.481296796598871,0.101095249618842,1.92803133457243e-06,0.0002101554154683,cortical,21,9,12,0.0295817489450533,0.0958402320780796,1.175524974413795,0.0544025582259889,0.0293108125426657,1.8560576629118983,0.0819585724605475,Glut,0.3152099401098149
L6b_2,0.167197845733031,0.0871313688570625,0.0549948667087902,0.338304125851518,cortical,23,12,11,0.2181305748075028,0.5173125771159721,0.863553439229144,0.2140659565778685,0.0511871257008508,4.182027290004884,0.0005601453517297,Glut,0.0552509228996556
Vip_12,-0.0683277828999998,0.0671702353212183,0.30904258026592,0.623808171277505,cortical,24,12,12,1.6783327750035466,1.1199962229262648,-0.4044755919191198,-0.2009653310925866,0.1017193113041898,-1.9756851330973264,0.06289636622782,GABA,0.269845700267744
L4 IT_3,0.0480322121884009,0.0736806507182668,0.514467471276935,0.762754537006271,cortical,24,12,12,5.266628367400545,5.324181251393041,0.0108685648411274,0.0347931841762804,0.1038604439057773,0.3349993786647494,0.7412957685370317,Glut,0.8962939746856838
Vip_15,-0.0179482346937108,0.0464797589030812,0.699384373825,0.886429031940988,cortical,24,12,12,1.400659265007205,1.051171358984289,-0.2870379069999765,-0.1592166877972186,0.0803165570315705,-1.9823644548736612,0.0620891157684031,GABA,0.269845700267744
Pax6_2,0.118936931018439,0.0827116613009,0.150442417440991,0.499604933085498,cortical,24,12,12,1.8016723607647975,1.5328398722708558,-0.1615931822806278,-0.0760623905719247,0.0918306736898836,-0.8282895846848617,0.4177900724651888,GABA,0.7116309078501246
L2/3 IT_7,0.208344907686777,0.0883656654048172,0.0183856444997348,0.192106022298078,cortical,24,12,12,7.389991444683261,8.884158675733804,0.184143189445082,0.147609565968552,0.167116732185684,0.8832722136078063,0.3881288454000188,Glut,0.7116309078501246
Lamp5_1,0.0403381814661403,0.0767968137036056,0.59940348180977,0.81582568961815,cortical,24,12,12,2.117079845337932,2.7722207944807793,0.2696110221354074,0.1440811101480812,0.1146948230653779,1.2562128463806312,0.2242660473842872,GABA,0.5142652465881069
L4 IT_4,0.02729310786111,0.0579298689356221,0.637540399629103,0.833954729695128,cortical,24,12,12,2.107540781529396,1.5545419004771337,-0.3043408569081813,-0.1935966499566492,0.0997459602360435,-1.9408971501052583,0.0672540257234806,Glut,0.2795245444132164
L2/3 IT_3,-0.0936134743193302,0.0729423924817765,0.19935577689225,0.519939354955901,cortical,24,12,12,0.1586877097678367,0.1430804634316273,-0.1035310280024815,-0.0100750471350093,0.0431658248790388,-0.2334033268967303,0.8179444274526936,Glut,0.9378155935448989
Vip_9,-0.0014910282198698,0.0587168882869469,0.979741083227422,0.995669874819086,cortical,24,12,12,0.6226674832689881,0.5369527147439942,-0.1481026054282657,-0.0281905387153288,0.0719429437837033,-0.3918457771214334,0.6995325034444762,GABA,0.8868526427419732
L4 IT_1,0.049193184015191,0.0568427888277968,0.386805434047021,0.680028908243956,cortical,24,12,12,8.329983746180579,11.209648434790536,0.2969133699049738,0.3194982144464035,0.1528755254889469,2.089923900013044,0.0503074459312843,Glut,0.2676356123544328
Sst_2,-0.254509920135936,0.0591534995883802,1.68856046339816e-05,0.0009202654525519,cortical,24,12,12,1.1890611279687342,0.8766708391812218,-0.3047877105982677,-0.1339652528908125,0.0905068334146054,-1.4801672739684428,0.1552201932148214,GABA,0.3970054941840625
Lamp5_4,0.0751792802930142,0.0664533239767492,0.257924824611278,0.569755257858317,cortical,24,12,12,1.2918074061372935,1.2831584395547326,-0.0067177583136382,-0.0312823862904717,0.0982705781873599,-0.3183291160740871,0.7537078069314035,GABA,0.9022233661153848
L2/3 IT_12,-0.0588886771125258,0.0824681365615157,0.475178985744995,0.725161804665052,cortical,24,12,12,14.429939150979386,13.937070676539038,-0.0347529106666622,-0.0035074028193664,0.1509410225181991,-0.0232369090976809,0.9817036057142114,Glut,0.9976382815975842
Sst_5,0.0309783749550944,0.0667703598466859,0.642680709122851,0.833954729695128,cortical,24,12,12,0.8872821887187734,1.4727644046863626,0.5067333910959786,0.2424902784603494,0.1085667914539208,2.233558487019209,0.0377320866997601,GABA,0.2351017476120777
Pvalb_10,0.0431573824938302,0.0667359333543216,0.517833355398753,0.762754537006271,cortical,24,12,12,1.371826943948286,1.0199729180182735,-0.2963673112184132,-0.177154075112707,0.0967935367104485,-1.8302262850736797,0.0829499842394249,GABA,0.3152099401098149
L2/3 IT_6,-0.0885649875776229,0.0760824244129518,0.244397137513991,0.566793361468618,cortical,24,12,12,12.910778955575658,12.385139705378233,-0.0415651973324381,-0.1044871339931168,0.1547683332982838,-0.6751195917561481,0.507733170373024,Glut,0.7503167962179133
L5 ET_1,0.16890379147394,0.0902567516473144,0.0612937924285458,0.351632809195342,cortical,24,12,12,4.669357320305652,4.252521347650814,-0.0935093781332536,-0.1059714503000985,0.1497699136707002,-0.7075616704507047,0.4878066672906527,Glut,0.7457274339041012
Pvalb_13,0.0740884300815594,0.0621626044250759,0.233320508048255,0.552868160375212,cortical,24,12,12,0.7259193324625878,0.3732368183751776,-0.6652257763518228,-0.2084935805914083,0.0747076999549638,-2.7907910525567625,0.011655048578672,GABA,0.151518329189454
L5 IT_5,-0.045306458296817,0.064001009081603,0.47900596271453,0.725161804665052,cortical,24,12,12,8.809658607268938,9.829902099899256,0.1095802861874917,0.1212798033629952,0.0694909621072995,1.745260098366887,0.0970920640364537,Glut,0.3398222241275883
Pvalb_15,-0.062759661928616,0.041993052328719,0.135038481239471,0.499604933085498,cortical,24,12,12,5.361839200143525,4.319174310175435,-0.2162427984965621,-0.1803218229939576,0.1239365171639988,-1.4549531253597108,0.1620052255419312,GABA,0.406541415039186
L2/3 IT_8,-0.0750586405572907,0.0818561853224475,0.359164927149959,0.652482950989092,cortical,24,12,12,8.110844911734103,5.103587026871847,-0.4632584130664142,-0.4590025622979917,0.1274151338031314,-3.6024179278985384,0.0018979765984186,Glut,0.084143629196562
Sst_25,-0.258992646343256,0.0826138738897393,0.0017186721854707,0.0374670536432624,cortical,24,12,12,1.5254656945592144,0.6175244823260163,-0.904336300698257,-0.3460562909420531,0.1361602481309945,-2.5415368706520396,0.0199131630960425,GABA,0.1627998615818441
L2/3 IT_10,-0.169067110295597,0.0842876847815801,0.0448739537362267,0.305703809828044,cortical,24,12,12,6.197747118097098,4.621186737678155,-0.2935343162324247,-0.2801070505367413,0.1389840277490019,-2.015390221980042,0.0582322450082064,Glut,0.269845700267744
Sst_22,-0.27142856495951,0.0808981876307707,0.0007931128967773,0.0216123264371826,cortical,24,12,12,1.816195422518576,1.797845365956188,-0.0101549569189179,-0.0272263627258132,0.1039721191804124,-0.261862150549899,0.7962455742185963,GABA,0.9208753162702028
Lamp5_6,0.11080758128473,0.0815145497421795,0.174032683746483,0.512977103115637,cortical,24,12,12,1.257188168974219,1.183782258269655,-0.0601629992204888,-0.0515946593099727,0.0950019191088091,-0.5430907058927888,0.593382182387128,GABA,0.7971700026008891
Sst_9,-0.0612491014058203,0.0545312450350913,0.261355622870788,0.569755257858317,cortical,24,12,12,0.7755089300428383,0.6967569480090813,-0.1070828594187605,-0.0461494653426274,0.0774987400373863,-0.5954866533360981,0.5585453124493159,GABA,0.7819634374290423
Pvalb_8,0.0110182356205514,0.0692976447784177,0.873669895918211,0.961919380354394,cortical,23,11,12,0.1062726326602225,0.1188477968713298,0.11183585818895,0.0184132584203501,0.0268753197113318,0.6851363488184393,0.5019863780873621,GABA,0.7503167962179133
Sst_19,-0.05323807353256,0.053867350818735,0.322996922597446,0.640121173874938,cortical,24,12,12,2.9453253487527413,2.8684716730780657,-0.0264399161179789,-7.013753456497351e-05,0.0912904920912,-0.0007682895880866,0.9993950030397264,GABA,0.9993950030397264
Pvalb_7,0.135898804676527,0.0658871344963603,0.039150646223205,0.304815745594954,cortical,22,12,10,0.0485769515755319,0.073090565659345,0.4085501266804682,0.0185306718661116,0.0172058521590107,1.0769982035680263,0.2965277946702827,GABA,0.5963218734343244
Sncg_6,-0.0099450623828084,0.0612025234955034,0.87091660152526,0.961919380354394,cortical,24,12,12,0.7076314626114288,0.9382258201307884,0.2820672413048858,0.1285313214790442,0.0817587795880083,1.572079746379874,0.1324365114563352,GABA,0.3747671494402678
L5 IT_6,0.105963133916066,0.0710765312253008,0.136005731008827,0.499604933085498,cortical,24,12,12,15.10864515206598,12.551047451272847,-0.1854629822690947,-0.2067614248851187,0.1381838841204873,-1.4962774147008076,0.1510082861474715,Glut,0.3938059226983081
L6b_3,0.123211420755199,0.0892720812798716,0.167531645433414,0.512977103115637,cortical,22,11,11,0.4334363643509213,0.4841672502869161,0.1106854150621982,0.0336723688215485,0.0951233709857414,0.3539862861524939,0.7277015300436955,Glut,0.896150958294551
L6b_4,0.263148912719372,0.0766304865344309,0.0005947492937785,0.021609224340621,cortical,20,9,11,0.1156820281812263,0.3531900763471478,1.1161610809790057,0.1892915953320807,0.0575447783354134,3.289466061173259,0.0049649891666531,Glut,0.1100572598608124
Sncg_5,0.0147969765618592,0.0727340801672124,0.838791618356915,0.961919380354394,cortical,24,12,12,0.7260141331068973,0.6127807720400382,-0.1695622410098575,-0.0635881923374626,0.0765091522426193,-0.8311187678020158,0.416229373680387,GABA,0.7116309078501246
L6 IT_1,0.1048442674229,0.0787099144638225,0.182849077951207,0.513113325556289,cortical,24,12,12,2.699755365339083,4.1918123337720905,0.4399720148342035,0.3026162946061703,0.2237647509203597,1.3523859024331977,0.1921299085137737,Glut,0.4646050514969437
L5 IT_7,-0.0387628650406406,0.0673412840245114,0.564873313227867,0.786920305648997,cortical,24,12,12,8.0963946895564,6.455147594530698,-0.2265409733519371,-0.2961866654706784,0.1971305965774727,-1.5024895709392143,0.1494094788169218,Glut,0.3938059226983081
Chandelier_2,0.154152041754566,0.0699836489851141,0.027616849489067,0.231556661100639,cortical,24,12,12,5.19796882333287,5.6304236756634936,0.0799167541648666,0.101498235011791,0.118228698096513,0.8584906765101606,0.4013225111117598,GABA,0.7116309078501246
Vip_1,-0.0514451227739463,0.0492731622252091,0.296448382399967,0.609676861916914,cortical,24,12,12,2.0163673766896673,2.4621855365197605,0.1997518208959825,0.1221478162910724,0.1208049432042306,1.0111160441884526,0.3246649137574097,GABA,0.6258033844889201
Sst Chodl_1,-0.0181061358445948,0.0703998396236776,0.797032091301406,0.961919380354394,cortical,24,12,12,0.2018842381542138,0.2362014821394243,0.156990723993128,0.0231115066400418,0.0425262285941259,0.5434647605509547,0.5931297078309047,GABA,0.7971700026008891
L2/3 IT_1,-0.0435929821253722,0.0610158349794698,0.474946746590716,0.725161804665052,cortical,24,12,12,26.02117806486251,24.94207510988076,-0.0423546065436238,-0.0213337136725135,0.1821436901529822,-0.1171257354816706,0.907989663918513,Glut,0.9789314658711228
L2/3 IT_2,0.075801956093688,0.0821736060870001,0.356288105453833,0.652482950989092,cortical,24,12,12,11.223288805833294,8.852773085240319,-0.2372602241895906,-0.2045300838952881,0.1359739533510462,-1.5041857565709618,0.1489753683936105,Glut,0.3938059226983081
Sncg_2,0.157378115090815,0.0823075552516264,0.0558667363791497,0.338304125851518,cortical,24,12,12,0.3475105632978703,0.4345286979100974,0.2234669281265499,0.0571133305862156,0.059528862980841,0.959422500721996,0.3493969003946599,GABA,0.6638541107498539
Sst_1,0.0697615060622537,0.0618378532279409,0.259262503421158,0.569755257858317,cortical,23,12,11,0.2738823417884036,0.3986385961923435,0.3753566278407119,0.0927613065102746,0.0447142865168938,2.0745339741746247,0.0526467656648812,GABA,0.2693084551318926
Sncg_8,-0.0017587901633398,0.0635160211386955,0.977909003464133,0.995669874819086,cortical,24,12,12,0.4519131796647697,0.4880420368166147,0.0769114621661224,0.0194578521613862,0.0538387976590524,0.3614094854905176,0.7217811019845368,GABA,0.896150958294551
Pax6_3,0.0362607840844254,0.0718403102289647,0.613740427052186,0.81582568961815,cortical,24,12,12,0.5135517121349338,0.3054238167642088,-0.5196503543075808,-0.1316804828159584,0.0404724418028816,-3.2535838449604673,0.004179913959559,GABA,0.1100572598608124
Vip_18,-0.0648361552969541,0.0610262514155198,0.288040260267096,0.603776699406029,cortical,24,12,12,1.3263148687248545,1.2678723101039215,-0.0450641720018297,-0.0203639812020572,0.0988226621359807,-0.2060659039324025,0.8389314122721291,GABA,0.940022264708706
Pax6_4,0.0641894868833819,0.0737338588677429,0.383996380664173,0.680028908243956,cortical,24,12,12,0.2902894373957598,0.2952862657724956,0.0170667930273967,0.0096852705305999,0.0465982657423077,0.2078461585708003,0.8375607474013006,GABA,0.940022264708706
Sncg_3,0.0510673069238611,0.071816876077193,0.477036710407552,0.725161804665052,cortical,23,12,11,0.080885385504146,0.1077133198476836,0.2864400931337232,0.0251042870062298,0.0211750919268933,1.1855574036184606,0.2512127787529175,GABA,0.5418934169562568
Sst Chodl_2,0.131358137330864,0.0747291013191975,0.0787830872937457,0.390334387046285,cortical,24,12,12,0.2531406778894283,0.2492312674218382,-0.0155641230460936,0.0005657994748227,0.0344849768760969,0.0164071293089652,0.9870806584199276,GABA,0.9976382815975842
L6 IT Car3_3,0.0835367743096128,0.0628200302811211,0.1835910063917,0.513113325556289,cortical,24,12,12,1.1164653482747828,1.267282359220936,0.126706977249655,0.0450564952540603,0.1625163135767419,0.2772429072653324,0.7845875340492087,Glut,0.9192821970357108
L6 CT_3,0.131444235983575,0.0740213144769062,0.0757721566988142,0.390334387046285,cortical,24,12,12,1.8285495932735656,1.8391439063759825,0.0057771144556608,-0.0250657421788321,0.1929091758016338,-0.1299354583558377,0.8979832530869555,Glut,0.9789314658711228
Pvalb_1,-0.0009767133801452,0.0578748050915545,0.986535288811571,0.995669874819086,cortical,24,12,12,0.2121944921931351,0.2618247684036407,0.2101721870039171,0.0285720285923989,0.0571852191168355,0.4996400999010469,0.623065193423042,GABA,0.8286767072526459
Pvalb_12,0.119075676297048,0.0666610938727148,0.0740532112031961,0.390334387046285,cortical,24,12,12,1.156197581744588,1.589451758685196,0.3182524768050989,0.2037766579457052,0.0936703691365178,2.1754655161945124,0.0424243755089463,GABA,0.2351017476120777
L2/3 IT_13,-0.0703821418224023,0.0729471465821103,0.334626214864152,0.651326025360581,cortical,24,12,12,0.60250496557523,0.6754942101619417,0.114348679225198,0.0208105714298312,0.0762874129381764,0.2727916785786961,0.787956168887752,Glut,0.9192821970357108
Vip_14,0.0695235995305419,0.0637252518928077,0.275277372815086,0.588337914447929,cortical,24,12,12,0.1452193330776968,0.1371733607670903,-0.0569997085108818,-0.0090911033455713,0.0293048757594909,-0.3102249407294297,0.7597670451497978,GABA,0.9022233661153848
L5 IT_2,0.0090654063430058,0.0530108064807735,0.864215482395579,0.961919380354394,cortical,24,12,12,4.892469987691034,6.187596468325677,0.2348494326948323,0.1501201599316194,0.1306584326719586,1.148951176450455,0.2648351285876443,Glut,0.5418934169562568
Sst_23,-0.0654486788027768,0.0700522250641106,0.350157373023614,0.652482950989092,cortical,24,12,12,0.2131358691793332,0.1833803628807957,-0.1503673643534023,-0.0301365379785585,0.0362949611226539,-0.8303229166361735,0.4166680231124743,GABA,0.7116309078501246
Pvalb_5,-0.0760606231404792,0.0615546320838198,0.216584812018757,0.549017314187081,cortical,24,12,12,0.7571488942637975,0.5670240037032217,-0.2891582866038177,-0.0615122879399132,0.0999295848245603,-0.6155563244649341,0.545491008588547,GABA,0.7819634374290423
L6 CT_2,0.0979330149930562,0.0762766895965434,0.199170647302325,0.519939354955901,cortical,24,12,12,1.6686369019194405,2.1788120208234876,0.2667727169493749,0.0896564647725222,0.1909719091630158,0.469474621505671,0.6440732647922999,Glut,0.8398210217389793
Sst_12,-0.0614500257970238,0.0661862188405618,0.353178650837457,0.652482950989092,cortical,23,12,11,0.5866242802029565,0.5198361994444339,-0.1208707862160854,-0.035483039401008,0.0624008452518144,-0.5686307494364627,0.5766332107185524,GABA,0.7906414126347162
Pvalb_2,-0.08358702781814,0.0577625999171038,0.147874883743049,0.499604933085498,cortical,24,12,12,2.164152987155923,2.198097101694327,0.0155629773476294,-0.0059078246168254,0.0718347173106922,-0.0822419136317264,0.9353145722890224,GABA,0.9795026623184248
Vip_19,-0.003547494579619,0.04136867900373,0.931662649267175,0.995669874819086,cortical,24,12,12,1.7631019313070182,1.5680844176227444,-0.1172199604594826,-0.082362218563875,0.1093384889848599,-0.7532774536081229,0.4605161663475445,GABA,0.7357447888328381
Lamp5_3,0.101828511468411,0.0651742578564092,0.118192880438295,0.499604933085498,cortical,24,12,12,1.472749157398365,1.353137354647968,-0.0847049666686041,-0.0722597262637713,0.0968371632742746,-0.7461982964030867,0.4646809192628451,GABA,0.7357447888328381
Sst_13,-0.0817744078418891,0.0556219860096725,0.141512637776069,0.499604933085498,cortical,24,12,12,1.5635054517885172,1.60856402697676,0.0284114874763416,0.0168330059702347,0.0828044265519614,0.2032863057106216,0.8410725526341054,GABA,0.940022264708706
Sst_20,-0.174676636280529,0.0747117440175118,0.019386846286962,0.192106022298078,cortical,24,12,12,2.368503608167902,2.752452802023207,0.1502340753770959,0.1018792826493711,0.1131105263056646,0.9007055839706485,0.3790203085368188,GABA,0.7099957892309422
Sst_3,-0.186286911011216,0.0617411940282608,0.0025510261027712,0.0463436408670109,cortical,24,12,12,2.375775990818601,1.2926092856597324,-0.6086612395693575,-0.336571171705761,0.1254249825354969,-2.6834460320575046,0.0147046986345701,GABA,0.151518329189454
L6 IT Car3_1,-0.0475631776962481,0.0816046156953244,0.559994880952075,0.786920305648997,cortical,24,12,12,1.1894404786620716,2.1638600385908684,0.5984106711633713,0.2840199328542043,0.1791088610200574,1.585739149010603,0.129301496779225,Glut,0.3747671494402678
Pvalb_9,0.0038736037517235,0.0585607569774225,0.94726099120489,0.995669874819086,cortical,24,12,12,0.9267034357112004,1.0850184822154985,0.1577187040750508,0.0510497212853621,0.0834601768398264,0.6116656256712092,0.5480088843127459,GABA,0.7819634374290423
Pvalb_6,-0.115169547076118,0.0513734717663942,0.0249736743761872,0.226844208917034,cortical,24,12,12,4.299764806479367,2.9198395869645233,-0.3870316462359369,-0.2665273501913427,0.1212525516308538,-2.198117454903295,0.040534634649377,GABA,0.2351017476120777
Vip_2,-0.0771042168942552,0.0567337884768138,0.174129842342005,0.512977103115637,cortical,24,12,12,1.224177102880603,1.0421575086174435,-0.1609757737099431,-0.1026464369603058,0.085435622101808,-1.2014477618947832,0.2443402905614342,GABA,0.5418934169562568
L5/6 NP_1,0.036994958884966,0.0637298265675389,0.561579659970754,0.786920305648997,cortical,24,12,12,1.0052908061466277,1.1401220758864632,0.1258584817796679,0.0779499326328794,0.0904230462740635,0.8620582456005821,0.399405391126225,Glut,0.7116309078501246
L2/3 IT_5,-0.04189726063948,0.0563552386355641,0.457209728300242,0.725161804665052,cortical,24,12,12,3.491743042580727,4.00354389967027,0.1367788931223418,0.0481148536297723,0.1230557632248007,0.3910004080172592,0.7001468232173472,Glut,0.8868526427419732
L6 IT Car3_2,0.027995281250069,0.0852044968888781,0.74248392328774,0.910999400823907,cortical,24,12,12,1.211583975375365,1.2455037476870157,0.0276114906165427,0.0175541400574502,0.1705909521791928,0.1029019407723975,0.9191191313486266,Glut,0.9789314658711228
L5 ET_2,0.0627526232524604,0.0749759427050267,0.402609367618143,0.696578112228216,cortical,24,12,12,2.2800209853917366,1.6866389388700451,-0.3014468919521499,-0.2056078612456896,0.12054039488855,-1.705717501886332,0.1043553779125523,Glut,0.3524166361969111
Vip_6,0.0151278477964083,0.0632472158452404,0.810961367501729,0.961919380354394,cortical,24,12,12,0.3966304966211729,0.3539847652035978,-0.1137512322315578,-0.008156312568992,0.0686902737969332,-0.1187404288575739,0.9067274284380143,GABA,0.9789314658711228
Vip_4,-0.0687142701441916,0.0478809304254671,0.151256539374509,0.499604933085498,cortical,24,12,12,2.0288578398931945,1.8505374318870549,-0.0919968936405322,-0.0619926345112175,0.0873404175813659,-0.7097817508539563,0.4864598972978614,GABA,0.7457274339041012
L5/6 NP_2,0.152629704450451,0.0760417986694187,0.0447303226202571,0.305703809828044,cortical,24,12,12,0.8107547614044669,1.0684034637451756,0.2759551052139266,0.1422485967692839,0.0719744707038025,1.9763757257025407,0.0628124703012855,Glut,0.269845700267744
Pax6_1,-0.0332602293344894,0.0586025879247094,0.570336735286888,0.786920305648997,cortical,24,12,12,1.5154300932758848,1.349545558871524,-0.1159313759013363,-0.0727833303279399,0.0963540308965932,-0.7553740061591269,0.4592870809220873,GABA,0.7357447888328381
L5 IT_1,-0.0040694693313462,0.0525882032035817,0.938318313597857,0.995669874819086,cortical,24,12,12,1.3576435333479762,2.0381313890865997,0.4062829015167458,0.2525967346860061,0.0986731228172023,2.559934534087424,0.0191509392174309,Glut,0.1627998615818441
Vip_21,0.0114308683093151,0.0608229756476285,0.850926285986344,0.961919380354394,cortical,24,12,12,1.576931806519432,1.7595360338160668,0.1095690926378956,0.0447151272747408,0.0975044245592604,0.4585958788728022,0.6517268185985404,GABA,0.8415501638214162
Vip_5,-0.0965279301348535,0.065405364906343,0.139986536167956,0.499604933085498,cortical,24,12,12,0.4944586808666316,0.5642908905841787,0.132106291811396,0.0477543806793753,0.0756967613130185,0.6308642516672961,0.5356449926866738,GABA,0.7819634374290423
Lamp5_5,0.0001788859426369,0.0599011047709173,0.997617237275197,0.997617237275197,cortical,24,12,12,1.95260759963187,1.527897996120142,-0.2452727778094215,-0.1893357144340799,0.1199829516210796,-1.5780218095652832,0.1310649950468572,GABA,0.3747671494402678
Sncg_4,-0.0022464953554502,0.066013609441946,0.972852597134413,0.995669874819086,cortical,24,12,12,1.6091489767331784,1.6428151573354497,0.0207058762172187,0.0097325335411799,0.0956839938297054,0.1017153773754628,0.9200483701796268,GABA,0.9789314658711228
Sst_4,0.0416898873119017,0.0659924621571455,0.527558674671892,0.766718607189817,cortical,24,12,12,0.4285641520160284,0.606018381545295,0.346469878370758,0.1043063445281417,0.0731843578520265,1.425254625299052,0.1703050227704865,GABA,0.4194549634902725
Sst_10,0.07088016835135,0.0582623091165044,0.223767921882224,0.552868160375212,cortical,24,12,12,2.300925520756867,2.9602901192053417,0.2519758344551554,0.1582648647821841,0.0971396304661652,1.6292512543303257,0.1197273800103933,GABA,0.3703195707298213
L4 IT_2,-0.0171930519235433,0.0497270524300618,0.729531759937806,0.910999400823907,cortical,24,12,12,11.86217104549178,10.214047735545371,-0.1495904311738491,-0.1320840799686299,0.195416083885423,-0.6759120198421021,0.5072409985005332,Glut,0.7503167962179133
L6b_6,0.103381130437337,0.0807303536341445,0.200343604661907,0.519939354955901,cortical,23,12,11,3.138208432484021,4.308387814621738,0.3169117030225698,0.2752590845588855,0.2581554482668684,1.066253245503214,0.3004027482714266,Glut,0.5963218734343244
Vip_16,0.0457961592876426,0.0638434279283233,0.473176750853715,0.725161804665052,cortical,24,12,12,0.5462002692029323,0.6736622537161697,0.209743176165462,0.0732404030293566,0.0627211140744565,1.1677152759501783,0.2573669491293393,GABA,0.5418934169562568
L5 IT_3,-0.0098864849340251,0.0584138289044581,0.865600751478323,0.961919380354394,cortical,24,12,12,0.3674999380524663,0.4402973801920852,0.1807272126038033,0.0432926737145018,0.0607270147613384,0.7129063380547385,0.4845681097259643,Glut,0.7457274339041012
Sst_11,-0.131932494421812,0.0767263892528842,0.085519886608411,0.405289897405078,cortical,24,12,12,2.014700592269044,2.94809342190825,0.3806880688396487,0.2812988951918201,0.1049571805392838,2.680130065865616,0.0148100622516007,GABA,0.151518329189454
Chandelier_1,-0.0241245868862856,0.0473058102000872,0.610071844737743,0.81582568961815,cortical,24,12,12,3.450788328282236,3.100326723489425,-0.1070952052807947,-0.0702793607183604,0.1222401907002139,-0.5749284283326747,0.5720855488420432,GABA,0.7906414126347162
L6 IT_2,0.116559398604049,0.0776485279248144,0.13332572447658,0.499604933085498,cortical,24,12,12,11.640942020260878,13.455540888082012,0.1448626145496623,0.0264855476527954,0.2947941196208191,0.0898442197112433,0.9293513549603208,Glut,0.9795026623184248
Sst_7,0.0150039041691,0.0660530061246496,0.820307531462136,0.961919380354394,cortical,24,12,12,0.2875891108758654,0.3971706546330083,0.3228332857750308,0.0695866415532063,0.0541235890318264,1.2856989493488165,0.2139979484245407,GABA,0.5082451275082844
Lamp5_2,0.0488169317946478,0.0405286456094816,0.228394684050607,0.552868160375212,cortical,24,12,12,3.3789182401187507,2.798155338874705,-0.1885952184393557,-0.1539290721543556,0.1336057255723546,-1.152114338625367,0.2635649856345534,GABA,0.5418934169562568
Vip_11,-0.024353106073928,0.0544894798102726,0.654923974353508,0.839843684759205,cortical,24,12,12,0.82519277939876,0.6857542486207868,-0.1850977056549812,-0.0835981305702001,0.0708667668205935,-1.1796521038110477,0.2526988687433323,GABA,0.5418934169562568
Vip_23,-0.0011319693886932,0.0420144085596279,0.978505668113588,0.995669874819086,cortical,24,12,12,2.01551126411297,1.650416863972198,-0.1998449914683944,-0.124088216095747,0.0733596231096521,-1.6915056380574605,0.1070774546233245,GABA,0.3524166361969111
Vip_13,-0.0514919712288365,0.0629936005588751,0.41369078744768,0.704567122371831,cortical,24,12,12,1.5858107935071557,1.0473417043274784,-0.414840574373702,-0.198188609270335,0.1194962147234448,-1.658534621611332,0.1136272968934911,GABA,0.3598197734960553
Sncg_1,0.0135991464519112,0.0672549473249945,0.839758093724818,0.961919380354394,cortical,24,12,12,0.3313635369059992,0.4194209709503962,0.2356590479859949,0.0625693187535264,0.072258029932804,0.8659150936126054,0.3973395285484373,GABA,0.7116309078501246
L5/6 NP_6,0.123664118433929,0.0753219707519375,0.100630064064175,0.457028207624796,cortical,24,12,12,0.7065781092177583,0.883291978952911,0.2232220589361011,0.0834347541357469,0.0823821435808337,1.012777168803339,0.3238910752096273,Glut,0.6258033844889201
L6b_5,0.0554107958035253,0.075347749807879,0.462095432226026,0.725161804665052,cortical,23,11,12,0.5160949993757757,1.2581264628293831,0.8910881032460128,0.3476044361034504,0.1405263095974764,2.4735897292053615,0.0235648418036998,Glut,0.1741179977717819
L5/6 NP_3,0.0260923337813876,0.0798497806541309,0.743843547461722,0.910999400823907,cortical,24,12,12,0.4783283802813584,0.9630402319657808,0.6997977040081945,0.2849999881172428,0.0718873094708842,3.9645382504219815,0.0008308409458594,Glut,0.0552509228996556
L6 CT_4,0.120581929143985,0.0871666570840619,0.166557805585274,0.512977103115637,cortical,24,12,12,1.9268213208429767,3.3616018564840005,0.5565459422420541,0.3717621131693123,0.162241641038125,2.2914099659652245,0.033537397872305,Glut,0.2230236958508283
Astro_5,0.0323379587642541,0.080233940163703,0.686914475350855,0.746128557695665,cortical,24,12,12,30.05880505448381,28.84550747990343,-0.0412013706270386,-0.1227464437912746,0.1616303779749973,-0.7594268189502245,0.4569167916201349,NN,0.7357447888328381
Micro-PVM_1,0.0496639427845672,0.0786006445697489,0.527483854445128,0.715870945318388,cortical,24,12,12,0.7759679054921187,0.7062981138121384,-0.0940737545341094,0.0420683874600288,0.1102730920788936,0.3814927709647562,0.7070704269863386,NN,0.8871732715960664
Astro_3,0.221002691825535,0.0961580737545088,0.0215431880234466,0.136440190815162,cortical,22,10,12,0.1641306979621438,0.6462591374019643,1.3705375156053212,0.2938273003065419,0.1121006281519745,2.6211030673994182,0.0178814768591446,NN,0.1627998615818441
Endo_2,-0.0751813506348888,0.0738512991250856,0.308673270628884,0.533162921995345,cortical,24,12,12,13.577630003804812,27.835230048982705,0.7178789005141162,0.5878495073614786,0.2173449047207356,2.7046850171932975,0.0140465635830103,NN,0.151518329189454
Oligo_1,0.0733197049347485,0.101004053148187,0.467894839722135,0.683846304209274,cortical,24,12,12,3.8244784118229513,5.428193503217311,0.3501842953611224,0.0341919582187949,0.2166496199376777,0.1578214548847615,0.876262702089001,NN,0.9711911614819762
VLMC_1,-0.0310406912720724,0.0710780120523406,0.662319506315139,0.746128557695665,cortical,24,12,12,0.3046685805211372,0.3474277530251495,0.1313321738616619,0.0888231813410438,0.1106921799802112,0.8024341137460936,0.4322250117240204,NN,0.7185740819911839
Oligo_3,-0.121724418881221,0.085708323662561,0.155544514003868,0.328371751785943,cortical,24,12,12,8.348013957579507,11.386267846105603,0.3103843932335083,0.2659118509007581,0.1579529010119263,1.6834882372985371,0.1086397149178447,NN,0.3524166361969111
OPC_1,-0.0462711368348543,0.0894124974081474,0.604805846514834,0.746128557695665,cortical,24,12,12,0.718771001716893,0.6519764556351331,-0.09753436117912,-0.0386002734357615,0.0645523915706156,-0.597968138694531,0.5569223776989282,NN,0.7819634374290423
Oligo_4,-0.0739010975219009,0.0899042024781906,0.411077890255447,0.650873326237791,cortical,24,12,12,72.44529515456185,49.691864144826376,-0.3769905070494321,-0.678058815020026,0.2508222726072533,-2.703343718130468,0.014087283041996,NN,0.151518329189454
Astro_2,0.120656863901718,0.0807238301049197,0.134996134215455,0.328371751785943,cortical,24,12,12,70.93264595571264,60.437249948693555,-0.1601251424270675,-0.4443664658911695,0.2822479806944388,-1.5743831534165695,0.1319034321372663,NN,0.3747671494402678
Micro-PVM_2,-0.130977743809372,0.0743431524377036,0.0781031451266595,0.262570050573404,cortical,24,12,12,5.299689081672154,2.5801641066309355,-0.7197951508698781,-0.5232826457139222,0.2394595799579232,-2.1852650280513775,0.0415971812135855,NN,0.2351017476120777
Astro_4,0.108733488600415,0.0755692078621799,0.15019027443655,0.328371751785943,cortical,24,12,12,7.149524129036483,8.164068180356061,0.1326967971432269,0.0038792459868117,0.2066972360584028,0.0187677690364262,0.985222053025668,NN,0.9976382815975842
Endo_1,0.172827601432809,0.0810908003711875,0.0330656751688677,0.157061957052122,cortical,24,12,12,3.5458050769600633,7.000426149098527,0.6802057893402411,0.5277250968334705,0.2093529211316657,2.5207438901775574,0.0208090048638447,NN,0.1627998615818441
Endo_3,0.23156060899084,0.0924790947460619,0.0122824473875106,0.136440190815162,cortical,24,12,12,1.1219807388019574,3.664011573592032,1.1834629654283673,0.6378002269175953,0.2119580662102077,3.0090868364738808,0.0072150432048909,NN,0.1370858208929275
